#,section,subsection,title,verse
1,GOD,His Perfections,All People That on Earth Do Dwell,Ps. 100:1
2,GOD,His Perfections,O Worship the King,Ps. 145:10
3,GOD,His Perfections,Give to Our God Immortal Praise,Ps. 136:1
4,GOD,His Perfections,"All Praise to God, Who Reigns Above",Ps. 107:15
5,GOD,His Perfections,"God, My King, Thy Might Confessing",Ps. 145:10
6,GOD,His Perfections,"O Come, My Soul, Bless Thou the Lord",Ps. 103:1
7,GOD,His Perfections,From All That Dwell below the Skies,Ps. 117:1
8,GOD,His Perfections,"Mighty God, While Angels Bless You","Rev. 5:11, 12"
9,GOD,His Perfections,All You That Fear Jehovah's Name,Ps. 22:23
10,GOD,His Perfections,Hallelujah! Hallelujah!,Ps. 150:1
11,GOD,His Perfections,Now Blessed Be the Lord Our God,Ps. 72:18
12,GOD,His Perfections,"Exalt the Lord, His Praise Proclaim",
13,GOD,His Perfections,"O Come, Let Us Sing to the Lord",
14,GOD,His Perfections,New Songs of Celebration Render,
15,GOD,His Perfections,Stand Up and Bless the Lord,
16,GOD,His Perfections,"Come, Let Us Sing unto the Lord",
17,GOD,His Perfections,Praise the Lord: Ye Heavens Adore Him,
18,GOD,His Perfections,You Holy Angels Bright,
19,GOD,His Perfections,"The We Adore, Eternal Lord!",
20,GOD,His Perfections,Let All the World in Every Corner Sing,
21,GOD,His Perfections,Sing Praise to the Lord!,
22,GOD,His Perfections,O That I Had a Thousand Voices,
23,GOD,His Perfections,"God of Gods, We Sound His Praises",
24,GOD,His Infinity,"Vast the Immensity, Mirror of Majesty",
25,GOD,His Infinity,O Light That Knew No Dawn,
26,GOD,His Infinity,"Tell Out, My Soul, the Greatness of the Lord",
27,GOD,His Infinity,"Great God, How Infinite Art Thou!",
28,GOD,His Eternity,"O God, the Rock of Ages",
29,GOD,His Eternity,The Lord Has Heard and Answered Prayer,
30,GOD,His Eternity,"Our God, Our Help in Ages Past",
31,GOD,His Unchangeableness,"Have You Not Known, Have You Not Heard",
32,GOD,His Unchangeableness,Great Is Thy Faithfulness,
33,GOD,His Unchangeableness,Let Us with a Gladsome Mind,
34,GOD,His Being,The God of Abraham Praise,
35,GOD,His Being,"My God, How Wonderful Thou Art",
36,GOD,His Wisdom,"Lord, Thou Hast Searched Me",
37,GOD,His Wisdom,All That I Am I Owe to Thee,
38,GOD,His Wisdom,"Immortal, Invisible, God Only Wise",
39,GOD,His Power,"O God, Most Holy Are Your Ways",
40,GOD,His Power,God Is Our Refuge and Our Strength,
41,GOD,His Power,"The Praises of Thy Wonders, Lord",
42,GOD,His Power,El-Shaddai,
43,GOD,His Power,"You Righteous, in the Lord Rejoice",
44,GOD,His Power,How Great Thou Art,
45,GOD,His Power,"Now unto Jehovah, Ye Sons of the Mighty",
46,GOD,His Holiness,Round the Lord in Glory Seated,
47,GOD,His Holiness,God the Lord Is King,
48,GOD,His Justice,"O Lord Most High, with All My Heart",
49,GOD,His Justice,"O Lord, Thou Judge of All the Earth",
50,GOD,His Justice,"Or Lord, Be Thou My Helper True",
51,GOD,His Justice,"O Jehovah, Hear My Words",
52,GOD,His Goodness,O Praise the Lord! O Thank the Lord!,
53,GOD,His Goodness,"Praise to the Lord, the Almighty",
54,GOD,His Goodness,"Hallelujah! Raise, O Raise",
55,GOD,His Goodness,To God Be the Glory,
56,GOD,His Goodness,"When All Your Mercies, O My God",
57,GOD,His Goodness,"Hallelujah, Praise Jehovah, O My Soul",
58,GOD,His Truth,O Splendor of God's Glory Bright,
59,GOD,His Truth,Forever Settled in the Heavens,
60,GOD,His Truth,"Thy Mercy and Thy Truth, O Lord",
61,GOD,His Sovereignty,"O God, No Longer Hold Thy Peace",
62,GOD,His Sovereignty,"Sing to the Lord, Sing His Praise",
63,GOD,His Sovereignty,Jehovah Reigns; Let Earth Be Glad,
64,GOD,His Sovereignty,"God, the Lord, a King Remaineth",
65,GOD,His Sovereignty,Before Jehovah's Awesome Throne,
66,GOD,His Sovereignty,God Is Known among His People,
67,GOD,His Sovereignty,"Not unto Us, O Lord of Heaven",
68,GOD,His Sovereignty,"The Earth, with All That Dwell Therein",
69,GOD,His Sovereignty,Thy God Reigneth!,
70,GOD,His Sovereignty,"With Glory Clad, with Strength Arrayed",
71,GOD,His Sovereignty,"Stand Up, O God, Be Present Now",
72,GOD,His Sovereignty,Amid the Fears That Oppress Our Day,
73,GOD,His Sovereignty,"Rejoice, All People, Homage Give",
74,GOD,His Sovereignty,God Is Working His Purpose Out,
75,GOD,His Sovereignty,"O Father, You Are Sovereign",
76,GOD,His Love and Grace,"Praise, My Soul, the King of Heaven",
77,GOD,His Love and Grace,"Praise, My Soul, the King of Heaven",
78,GOD,His Love and Grace,"O Bless the Lord, My Soul",
79,GOD,His Love and Grace,"My God, My God, O Why Have You Forsaken Me?",
80,GOD,His Love and Grace,"Lord, with Glowing Heart I'd Praise Thee",
81,GOD,His Love and Grace,"O Love of God, How Strong and True",
82,GOD,His Love and Grace,Great God of Wonders!,
83,GOD,His Faithfulness,"O Praise the Lord, for He Is Good",
84,GOD,His Faithfulness,"Under the Care of My God, the Almighty",
85,GOD,His Faithfulness,"The Lord's My Shepherd, I'll Not Want",
86,GOD,His Faithfulness,"The Lord's My Shepherd, I'll Not Want",
87,GOD,His Faithfulness,"The Lord's MyShepherd, I'll Not Want",
88,GOD,His Faithfulness,With Greatful Heart My Thanks I Bring,
89,GOD,His Faithfulness,God Is Our Strength and Refuge,
90,GOD,His Faithfulness,The Man Who Once Has Found Abode,
91,GOD,His Faithfulness,"Bow Down Thine Ear, O Lord, and Hear",
92,GOD,His Faithfulness,A Mighty Fortress Is Our God,
93,GOD,His Faithfulness,The Tender Love a Father Has,
94,GOD,His Faithfulness,How Firm a Foundation,
95,GOD,His Faithfulness,Though Troubles Assail Us,
96,GOD,His Faithfulness,Unto the Hills,
97,GOD,His Faithfulness,"We Praise You, O God, Our Redeemer, Creator",
98,GOD,His Faithfulness,Now Thank We All Our God,
99,GOD,His Faithfulness,My Song Forever Shall Record,
100,THE HOLY TRINITY,,"Holy, Holy, Holy!",
101,THE HOLY TRINITY,,"Come, Thou Almighty King",
102,THE HOLY TRINITY,,"All Glory Be to Thee, Most High",
103,THE HOLY TRINITY,,"Holy God, We Praise Your Name",
104,THE HOLY TRINITY,,We Lift Up as Our Shield God's Name,
105,THE HOLY TRINITY,,"O God, We Praise Thee",
106,THE HOLY TRINITY,,"Father, Father of All Things",
107,THE HOLY TRINITY,,Praise Ye the Father!,
108,GOD'S WORK,His Decrees,Whate'er My God Ordains Is Right,
109,GOD'S WORK,His Decrees,"Lord, My Weak Thought in Vain Would Climb",
110,GOD'S WORK,Creation,"Hallelujah, Praise Jehovah",
111,GOD'S WORK,Creation,This Is My Father's World,
112,GOD'S WORK,Creation,"Praise Ye, Praise Ye the Lord",
113,GOD'S WORK,Creation,The Heavens Declare Thy Glory,
114,GOD'S WORK,Creation,"Lord, Our Lord, Thy Glorious Name",
115,GOD'S WORK,Creation,All Creatures of Our God and King,
116,GOD'S WORK,Creation,For the Beauty of the Earth,
117,GOD'S WORK,Creation,The Spacious Firmament on High,
118,GOD'S WORK,Creation,"Come, Sound His Praise Abroad",
119,GOD'S WORK,Creation,I Sing the Almighty Power of God,
120,GOD'S WORK,Creation,All Things Bright and Beautiful,
121,GOD'S WORK,Creation,"Praise Him, Praise Him, Praise Him",
122,GOD'S WORK,Creation,"God, All Nature Sings Thy Glory",
123,GOD'S WORK,Creation,God of Everlasting Glory,
124,GOD'S WORK,Creation,Praise the Lord Our God,
125,GOD'S WORK,Creation,Let All Things Now Living,
126,GOD'S WORK,Provicence,"My Soul, Bless the Lord!",
127,GOD'S WORK,Provicence,With Songs and Honors Sounding Loud,
128,GOD'S WORK,Provicence,God Moves in a Mysterious Way,
129,GOD'S WORK,Provicence,I Belong to Jesus,
130,GOD'S WORK,Provicence,Showers of Blessing,
131,GOD'S WORK,Provicence,Children of the Heavenly Father,
132,GOD'S WORK,Provicence,O Rejoice in the Lord,
133,GOD'S WORK,Provicence,"God, Who Made the Earth",
134,GOD'S WORK,Provicence,God Will Take Care of You,
135,GOD'S WORK,Provicence,God Sees the Little Sparrow Fall,
136,GOD'S WORD,The Holy Scriptures,Thy Word Have I Hid in My Heart,
137,GOD'S WORD,The Holy Scriptures,"Holy Bible, Book Divine",
138,GOD'S WORD,The Holy Scriptures,"The Heavens Declare Your Glory, Lord",
139,GOD'S WORD,The Holy Scriptures,"Your Word Is like a Garden, Lord",
140,GOD'S WORD,The Holy Scriptures,O Word of God Incarnate,
141,GOD'S WORD,The Holy Scriptures,"God, in the Gospel of His Son",
142,GOD'S WORD,The Holy Scriptures,"Lord, Thy Word Abideth",
143,GOD'S WORD,The Holy Scriptures,How Precious Is the Book Divine,
144,GOD'S WORD,The Holy Scriptures,"Father of Mercies, in Your Word",
145,GOD'S WORD,The Holy Scriptures,The Spirit Breathes upon the Word,
146,GOD'S WORD,The Holy Scriptures,Break Thou the Bread of Life,
147,GOD'S WORD,The Holy Scriptures,"O God of Light, Your Word, a Lamp Unfailing",
148,GOD'S WORD,The Law of God,How Shall the Young Direct Their Way?,
149,GOD'S WORD,The Law of God,"Teach Me, O Lord, Your Way of Truth",
150,GOD'S WORD,The Law of God,The Law of God Is Good and Wise,
151,GOD'S WORD,The Law of God,Jehovah's Perfect Law,
152,GOD'S WORD,The Law of God,The Law of the Lord Is Perfect,
153,GOD'S WORD,The Law of God,Most Perfect Is the Law of God,
154,JESUS CHRIST,The Only Mediator and Redeemer,Thou Art the Way,
155,JESUS CHRIST,The Only Mediator and Redeemer,"O Love, How Deep, How Broad, How High!",
156,JESUS CHRIST,The Only Mediator and Redeemer,"O Lord, How Shall I Meet You",
157,JESUS CHRIST,The Only Mediator and Redeemer,"None Other Lamb, None Other Name",
158,JESUS CHRIST,The Only Mediator and Redeemer,"None Other Lamb, None Other Name",
159,JESUS CHRIST,The Only Mediator and Redeemer,"O Savior, Precious Savior",
160,JESUS CHRIST,The Only Mediator and Redeemer,Shepherd of Tender Youth,
161,JESUS CHRIST,The Only Mediator and Redeemer,"O Christ, Our Hope, Our Heart's Desire",
162,JESUS CHRIST,His Deity,Of the Father's Love Begotten,
163,JESUS CHRIST,His Deity,At the Name of Jesus,
164,JESUS CHRIST,His Praise,O for a Thousand Tongues to Sing,
165,JESUS CHRIST,His Praise,"Ye Servants of God, Your Master Proclaim",
166,JESUS CHRIST,His Praise,"Wondrous King, All-Glorious",
167,JESUS CHRIST,His Praise,When Morning Gilds the Skies,
168,JESUS CHRIST,His Praise,"I Greet The, Who My Sure Redeemer Art",
169,JESUS CHRIST,His Praise,My Heart Does Overflow,
170,JESUS CHRIST,His Praise,Fairest Lord Jesus,
171,JESUS CHRIST,His Praise,Fairest Lord Jesus,
172,JESUS CHRIST,His Praise,Let Us Love and Sing and Wonder,
173,JESUS CHRIST,His Praise,Praise Him! Praise Him!,
174,JESUS CHRIST,His Praise,"O Christ, Our King, Creator, Lord",
175,JESUS CHRIST,His Praise,A Wonderful Savior Is Jesus My Lord,
176,JESUS CHRIST,His Praise,"Hail, Thou Once Despised Jesus!",
177,JESUS CHRIST,His Praise,O Could I Speak the Matchless Worth,
178,JESUS CHRIST,His Praise,There Is No Name So Sweet on Earth,
179,JESUS CHRIST,His Praise,Hallelujah! Thine the Glory,
180,JESUS CHRIST,His Praise,I Will Sing the Wondrous Story,
181,JESUS CHRIST,His Praise,"We Come, O Christ, to You",
182,JESUS CHRIST,His Love and Grace,My Song Is Love Unknown,
183,JESUS CHRIST,His Love and Grace,"Awake, My Soul, in Joyful Lays",
184,JESUS CHRIST,His Love and Grace,The King of Love My Shepherd Is,
185,JESUS CHRIST,His Love and Grace,Majestic Sweetness Sits Enthroned,
186,JESUS CHRIST,His Love and Grace,"One There Is, above All Others",
187,JESUS CHRIST,His Love and Grace,There Were Ninety and Nine,
188,JESUS CHRIST,His Love and Grace,"Jesus, I Am Resting, Resting",
189,JESUS CHRIST,His Love and Grace,"Jesus Loves Me, This I Know",
190,JESUS CHRIST,His Love and Grace,I Think When I Read That Sweet Story of Old,
191,JESUS CHRIST,His Love and Grace,I Am So Glad That Our Father in Heaven,
192,JESUS CHRIST,His Love and Grace,I Am Jesus' Little Lamb,
193,JESUS CHRIST,His Advent,Let All Mortal Flesh Keep Silence,
194,JESUS CHRIST,His Advent,"O Come, O Come, Emmanuel",
195,JESUS CHRIST,His Advent,Joy to the World! The Lord Is Come,
196,JESUS CHRIST,His Advent,"Come, Thou Long-Expected Jesus",
197,JESUS CHRIST,His Advent,"Comfort, Comfort Ye My People",
198,JESUS CHRIST,His Advent,"Lift Up Your Heads, Ye Mighty Gates!",
199,JESUS CHRIST,His Birth,"See, amid the Winter's Snow",
200,JESUS CHRIST,His Birth,It Came upon the Midnight Clear,
201,JESUS CHRIST,His Birth,O Little Town of Bethlehem,
202,JESUS CHRIST,His Birth,O Little Town of Bethlehem,
203,JESUS CHRIST,His Birth,Hark! The Herald Angels Sing,
204,JESUS CHRIST,His Birth,Away in a Manger,
205,JESUS CHRIST,His Birth,Away in a Manger,
206,JESUS CHRIST,His Birth,Brightest and Best of the Sons of the Morning,
207,JESUS CHRIST,His Birth,"Good Christian Men, Rejoice",
208,JESUS CHRIST,His Birth,"O Come, All Ye Faithful",
209,JESUS CHRIST,His Birth,"Christians, Awake, Salute the Happy Morn",
210,JESUS CHRIST,His Birth,Silent Night! Holy Night!,
211,JESUS CHRIST,His Birth,"God Rest You Merry, Gentlemen",
212,JESUS CHRIST,His Birth,Within a Crib My Savior Lay,
213,JESUS CHRIST,His Birth,What Child Is This,
214,JESUS CHRIST,His Birth,Angels We Have Heard on High,
215,JESUS CHRIST,His Birth,While by the Sheep We Watched at Night,
216,JESUS CHRIST,His Birth,"Infant Holy, Infant Lowly",
217,JESUS CHRIST,His Birth,All My Heart This Night Rejoices,
218,JESUS CHRIST,His Birth,"Angels, from the Realms of Glory",
219,JESUS CHRIST,His Birth,"All Praise to Thee, Eternal Lord",
220,JESUS CHRIST,His Birth,From Heaven High I come to You,
221,JESUS CHRIST,His Birth,"Lo, How a Rose E're Blooming",
222,JESUS CHRIST,His Birth,While Shepherds Watched Their Flocks,
223,JESUS CHRIST,His Birth,While Shepherds Watched Their Flocks,
224,JESUS CHRIST,His Birth,"Go, Tell It on the Mountain",
225,JESUS CHRIST,His Birth,Once in Royal David's City,
226,JESUS CHRIST,His Birth,As with Gladness Men of Old,
227,JESUS CHRIST,His Birth,On Christmas Night All Christians Sing,
228,JESUS CHRIST,His Birth,"Say You Never, in the Twilight",
229,JESUS CHRIST,His Birth,Gentle Mary Laid Her Child,
230,JESUS CHRIST,His Birth,Thou Who Wast Rich beyond All Splendor,
231,JESUS CHRIST,His Birth,"Lovely Child, Holy Child",
232,JESUS CHRIST,His Birth,"O Jesus Sweet, O Jesus Mild",
233,JESUS CHRIST,His Birth,To Us a Child of Hope Is Born,
234,JESUS CHRIST,"His Life, Ministry, and Obedience",Tell Me the Story of Jesus,
235,JESUS CHRIST,"His Life, Ministry, and Obedience","All Glory, Laud, and Honor",
236,JESUS CHRIST,"His Life, Ministry, and Obedience",When His Salvation Bringing,
237,JESUS CHRIST,"His Life, Ministry, and Obedience","Ride On, Ride On in Majesty!",
238,JESUS CHRIST,"His Life, Ministry, and Obedience",My Dear Redeemer and My Lord,
239,JESUS CHRIST,"His Life, Ministry, and Obedience","Who Is This, So Weak and Helpless",
240,JESUS CHRIST,"His Life, Ministry, and Obedience",The King of Glory Comes,
241,JESUS CHRIST,"His Life, Ministry, and Obedience",Thou Dost Reign on High,
242,JESUS CHRIST,His Atoning Work,Not All the Blood of Beasts,
243,JESUS CHRIST,His Atoning Work,Praise the Savior Now and Ever,
244,JESUS CHRIST,His Atoning Work,He Was Wounded for Our Transgressions,
245,JESUS CHRIST,His Atoning Work,As Jacob with Travel Was Weary One Day,
246,JESUS CHRIST,His Atoning Work,Man of Sorrows! What a Name,
247,JESUS CHRIST,His Suffering,"O Sacred Head, Now Wounded",
248,JESUS CHRIST,His Suffering,"Ah, Holy Jesus, How Hast Thou Offended",
249,JESUS CHRIST,His Suffering,Tis Midnight; and on Olive's Brow,
250,JESUS CHRIST,His Suffering,Throned upon the Awful Tree,
251,JESUS CHRIST,His Suffering,Beneath the Cross of Jesus,
252,JESUS CHRIST,His Death,When I Survey the Wondrous Cross,
253,JESUS CHRIST,His Death,There Is a Fountain Filled with Blood,
254,JESUS CHRIST,His Death,Alas! And Did My Savior Bleed,
255,JESUS CHRIST,His Death,"O Jesus, We Adore Thee",
256,JESUS CHRIST,His Death,There Is a Green Hill Far Away,
257,JESUS CHRIST,His Death,"Striken, Smitten, and Afflicted",
258,JESUS CHRIST,His Death,"Sweet the Moments, Rich in Blessing",
259,JESUS CHRIST,His Death,Hark! The Voice of Love and Mercy,
260,JESUS CHRIST,His Death,Were You There?,
261,JESUS CHRIST,His Death,What Wondrous Love Is This,
262,JESUS CHRIST,His Death,O Come and Mourn with Me Awhile,
263,JESUS CHRIST,His Death,Lift High the Cross,
264,JESUS CHRIST,His Death,"Jesus, Keep Me near the Cross",
265,JESUS CHRIST,His Resurrection,"Come, Ye Faithful, Raise the Strain",
266,JESUS CHRIST,His Resurrection,"Come, Ye Faithful, Raise the Strain",
267,JESUS CHRIST,His Resurrection,The Day of Resurrection!,
268,JESUS CHRIST,His Resurrection,"Welcome, Happy Morning!",
269,JESUS CHRIST,His Resurrection,"Welcome, Happy Morning!",
270,JESUS CHRIST,His Resurrection,"Good Christian Men, Rejoice and Sing!",
271,JESUS CHRIST,His Resurrection,"Sing, Choirs of New Jerusalem",
272,JESUS CHRIST,His Resurrection,"O Sons and Daughters, Let Us Sing!",
273,JESUS CHRIST,His Resurrection,Jesus Christ Is Risen Today,
274,JESUS CHRIST,His Resurrection,Thine Be the Glory,
275,JESUS CHRIST,His Resurrection,"The Strife Is O're, the Battle Done",
276,JESUS CHRIST,His Resurrection,Up from the Grave He Arose,
277,JESUS CHRIST,His Resurrection,Christ the Lord Is Risen Today,
278,JESUS CHRIST,His Resurrection,That Easter Day with Joy Was Bright,
279,JESUS CHRIST,His Resurrection,Christ Jesus Lay in Death's Strong Bands,
280,JESUS CHRIST,His Resurrection,Christ Is Risen from the Dead,
281,JESUS CHRIST,His Resurrection,"I Know That My Redeemer Lives - Glory, Hallelujah!",
282,JESUS CHRIST,His Resurrection,"Lift Up, Lift Up Your Voices Now",
283,JESUS CHRIST,His Resurrection,Alleluia! Alleluia!,
284,JESUS CHRIST,His Resurrection,This Joyful Eastertide,
285,JESUS CHRIST,His Resurrection,"Jesus, Lord, Redeemer",
286,JESUS CHRIST,His Resurrection,"Worship Christ, the Risen King!",
287,JESUS CHRIST,His Resurrection,Morning Sun,
288,JESUS CHRIST,His Resurrection,Jesus Christ Has Triumphed Now,
289,JESUS CHRIST,His Ascension,A Hymn of Glory Let Us Sing,
290,JESUS CHRIST,His Ascension,Hail the Day That Sees Him Rise,
291,JESUS CHRIST,His Ascension,"See, the Conqueror Mounts in Triumph",
292,JESUS CHRIST,His Ascension,Who Shall Ascend the Mountain of the Lord,
293,JESUS CHRIST,His Ascension,Golden Harps Are Sounding,
294,JESUS CHRIST,His Ascension,The Golden Gates Are Lifted Up,
295,JESUS CHRIST,His Exaltation,Crown Him with Many Crowns,
296,JESUS CHRIST,His Exaltation,All Hail the Power of Jesus' Name!,
297,JESUS CHRIST,His Exaltation,All hail the Power of Jesus' Name!,
298,JESUS CHRIST,His Exaltation,The Head That Once Was Crowned with Thorns,
299,JESUS CHRIST,His Exaltation,"Look, Ye Saints, the Sight Is Glorious",
300,JESUS CHRIST,His Exaltation,Blessing and Honor and Glory and Power,
301,JESUS CHRIST,His Exaltation,Join All the Glorious Names,
302,JESUS CHRIST,His Exaltation,"Come, Christians, Join to Sing",
303,JESUS CHRIST,His Prophetic Office,"Blessed Jesus, at Your Word",
304,JESUS CHRIST,His Prophetic Office,I Heard the Voice of Jesus Say,
305,JESUS CHRIST,His Priestly Intercession,"Arise, My Soul, Arise",
306,JESUS CHRIST,His Priestly Intercession,"Jesus, My Great High Priest",
307,JESUS CHRIST,His Priestly Intercession,Nothing but the Blood,
308,JESUS CHRIST,His Priestly Intercession,Jesus Paid It All,
309,JESUS CHRIST,His Kingly Office,"Rejoice, the Lord Is King",
310,JESUS CHRIST,His Kingly Office,"Rejoice, the Lord Is King",
311,JESUS CHRIST,His Kingly Office,Hail to the Lord's Anointed,
312,JESUS CHRIST,His Kingly Office,"O God, Your Judgments Give the King",
313,JESUS CHRIST,His Kingly Office,Unto My Lord Jehovah Said,
314,JESUS CHRIST,His Kingly Office,O Wherefore Do the Nations Rage,
315,JESUS CHRIST,His Kingly Office,He Walks among the Golden Lamps,
316,JESUS CHRIST,His Second Coming and Judgment,"The Mighty God, the Lord",
317,JESUS CHRIST,His Second Coming and Judgment,"Wake, Awake, for Night Is Flying",
318,JESUS CHRIST,His Second Coming and Judgment,Lo! He Comes with Clouds Descending,
319,JESUS CHRIST,His Second Coming and Judgment,Day of Judgment! Day of Wonders!,
320,JESUS CHRIST,His Second Coming and Judgment,"Rejoice, All Ye Believers",
321,JESUS CHRIST,His Second Coming and Judgment,"Great God, What Do I See and Hear!",
322,JESUS CHRIST,His Second Coming and Judgment,"O Quickly Come, Dread Judge of All",Rev. 22:12
323,JESUS CHRIST,His Second Coming and Judgment,Ten Thousand Times Ten Thousand,
324,JESUS CHRIST,His Second Coming and Judgment,Christ Is Coming!,Titus 2:13
325,JESUS CHRIST,His Second Coming and Judgment,"When He Cometh, When He Cometh",Mal. 3:17
326,JESUS CHRIST,His Second Coming and Judgment,"Thou Art Coming, O My Savior",Rev. 1:7
327,JESUS CHRIST,His Second Coming and Judgment,One Day He's Coming,Heb. 9:28
328,JESUS CHRIST,His Second Coming and Judgment,"My Lord, What a Mourning","Matt. 24:29, 30"
329,THE HOLY SPIRIT,,"Come, O Creator Spirit Blest",
330,THE HOLY SPIRIT,,"Holy Ghost, Dispel Our Sadness",
331,THE HOLY SPIRIT,,"Come, O Come, Thou Quickening Spirit",
332,THE HOLY SPIRIT,,"Come, Holy Spirit, Heavenly Dove",
333,THE HOLY SPIRIT,,"Gracious Spirit, Dove Divine",
334,THE HOLY SPIRIT,,"Breathe on Me, Breath of God",
335,THE HOLY SPIRIT,,"Gracious Spirit, Dwell with Me",
336,THE HOLY SPIRIT,,"Spirit, Strength of All the Weak",
337,THE HOLY SPIRIT,,O Spirit of the Living God,
338,THE HOLY SPIRIT,,"Spirit of God, Descend upon My Heart",
339,THE HOLY SPIRIT,,For Your Gift of God the Spirit,
340,THE HOLY SPIRIT,,"Come, Dearest Lord, Descend and Dwell",
341,THE HOLY SPIRIT,,"O Breath of Life, Come Sweeping through Us",
342,THE CHURCH,The Church of Christ,Christ Is Made the Sure Foundation,
343,THE CHURCH,The Church of Christ,Christ Is Made the Sure Foundation,
344,THE CHURCH,The Church of Christ,O 'Twas a Joyful Sound to Hear,
345,THE CHURCH,The Church of Christ,Glorious Things of Thee Are Spoken,
346,THE CHURCH,The Church of Christ,Hail to the Brightness of Zion's Glad Morning!,
347,THE CHURCH,The Church of Christ,The Church's One Foundation,
348,THE CHURCH,The Church of Christ,"Jesus, with Thy Church Abide",
349,THE CHURCH,The Church of Christ,O Thou Who the Shepherd of Israel Art,
350,THE CHURCH,The Church of Christ,Zion Stands by Hills Surrounded,
351,THE CHURCH,The Church of Christ,Built on the Rock the Church Doth Stand,
352,THE CHURCH,The Church of Christ,"Renew Thy Church, Her Ministries Restore",
353,THE CHURCH,The Church of Christ,"I Love Thy Kingdom, Lord",
354,THE CHURCH,The Church of Christ,"Jesus Christ, Our Sure Foundation",
355,THE CHURCH,The Church of Christ,We Are God's People,
356,THE CHURCH,The Communion of Saints,How Beautiful the Sight,
357,THE CHURCH,The Communion of Saints,Let Our Choir New Anthems Raise,
358,THE CHURCH,The Communion of Saints,For All the Saints,
359,THE CHURCH,The Communion of Saints,Blest Be the Tie That Binds,
360,THE CHURCH,The Covenant People,When in His Might the Lord,
361,THE CHURCH,The Covenant People,O Praise Ye the Lord,
362,THE CHURCH,The Covenant People,"O People Blest, Whose Sons in Youth",
363,THE CHURCH,The Covenant People,We Gather Together,
364,THE CHURCH,The Covenant People,Let Children Hear the Mighty Deeds,
365,THE CHURCH,The Covenant People,Unless the Lord the House Shall Build,
366,THE CHURCH,The Kingdom of God,"My People, Give Ear, Attend to My Word",
367,THE CHURCH,The Kingdom of God,The Lord Will Come and Not Be Slow,
368,THE CHURCH,The Kingdom of God,The Ends of All the Earth Shall Hear,
369,THE CHURCH,The Kingdom of God,"Shout, for the Blessed Jesus Reigns",
370,THE CHURCH,The Kingdom of God,"Revive Thy Work, O Lord",
371,THE CHURCH,The Lord's House,"O Lord of Hosts, How Lovely",
372,THE CHURCH,The Lord's House,Praise Waits for Thee in Zion,
373,THE CHURCH,The Lord's House,"Within Your Temple, Lord",
374,THE CHURCH,The Lord's House,"Arise, O Lord Our God, Arise",
375,THE CHURCH,The Lord's House,Lord of the Worlds Above,
376,THE CHURCH,The Lord's House,Open Now Thy Gates of Beauty,
377,THE CHURCH,The Lord's House,"Jesus, Where'er Your People Meet",
378,THE CHURCH,The Lord's House,"Here, O My Lord, I See Thee Face to Face",
379,THE CHURCH,The Opening of Worship,"Lord Jesus Christ, Be Present Now",
380,THE CHURCH,The Opening of Worship,"Father, Again in Jesus' Name We Meet",
381,THE CHURCH,The Opening of Worship,"Brethren, We Have Met to Worship",
382,THE CHURCH,The Opening of Worship,God Himself Is with Us,
383,THE CHURCH,The Close of Worship,"Almighty God, Your Word Is Cast",
384,THE CHURCH,The Close of Worship,"Lord, Dismiss Us with Your Blessing",
385,THE CHURCH,The Close of Worship,God Be with You Till We Meet Again,
386,THE CHURCH,The Close of Worship,God Be with You Till We Meet Again,
387,THE CHURCH,The Close of Worship,Now May He Who from the Dead,
388,THE CHURCH,The Close of Worship,"Savior, Again to Thy Dear Name We Raise",
389,THE CHURCH,The Lord's Day,This Is the Day the Lord Has Made,
390,THE CHURCH,The Lord's Day,"Lord of the Sabbath, Hear Us Pray",
391,THE CHURCH,The Lord's Day,Safely through Another Week,
392,THE CHURCH,The Lord's Day,O Day of Rest and Gladness,
393,THE CHURCH,The Lord's Day,"Come, Let Us Join with One Accord",
394,THE CHURCH,The Lord's Day,This Day at Thy Creating Word,
395,THE CHURCH,Morning,"Awake, My Soul, and with the Sun",
396,THE CHURCH,Morning,"Come, My Soul, Thou Must Be Waking",
397,THE CHURCH,Morning,"Light of Light, Enlighten Me",
398,THE CHURCH,Morning,"Christ, Whose Glory Fills the Skies",
399,THE CHURCH,Morning,"Lord, As the Day Begins",
400,THE CHURCH,Evening,O Bless Our God with One Accord,
401,THE CHURCH,Evening,"All Praise to Thee, My God, This Night",
402,THE CHURCH,Evening,Abide with Me: Fast Falls the Eventide,
403,THE CHURCH,Evening,"Savior, Breathe and Evening Blessing",
404,THE CHURCH,Evening,"Sun of My Soul, Thou Savior Dear",
405,THE CHURCH,Evening,"God, That Madest Earth and Heaven",
406,THE CHURCH,Evening,Now the Day Is Over,
407,THE CHURCH,Evening,"The Day You Gave Us, Lord, Is Ended",
408,THE CHURCH,Evening,Day Is Dying in the West,
409,THE CHURCH,Evening,Softly Now the Light of Day,
410,THE CHURCH,Baptism,"Lord Jesus Christ, Our Lord Most Dear",
411,THE CHURCH,Baptism,"Shine Thou upon Us, Lord",
412,THE CHURCH,Baptism,See Israel's Gentle Shepherd Stand,
413,THE CHURCH,Baptism,"Our Children, Lord, in Faith and Prayer",
414,THE CHURCH,Baptism,"Dear Lord, Today Our Child",
415,THE CHURCH,Baptism,Baptized into Your name Most Holy,
416,THE CHURCH,Baptism,"Gracious Savior, Gentle Shepherd",
417,THE CHURCH,Baptism,A Little Child the Savior Came,
418,THE CHURCH,Baptism,"O King Eternal, Sovereign Lord",
419,THE CHURCH,Baptism,"In Your Arms, Lord Jesus Christ",
420,THE CHURCH,The Lord's Supper,At the Lamb's High Feast We Sing,
421,THE CHURCH,The Lord's Supper,"Soul, Adorn Yourself with Gladness",
422,THE CHURCH,The Lord's Supper,Twas on That Night When Doomed to Know,
423,THE CHURCH,The Lord's Supper,According to Thy Gracious Word,
424,THE CHURCH,The Lord's Supper,"Shepherd of Souls, Refresh and Bless",
425,THE CHURCH,The Lord's Supper,Bread of the World in Mercy Broken,
426,THE CHURCH,The Lord's Supper,"""Till He Come""!",
427,THE CHURCH,The Lord's Supper,Amidst Us Our Beloved Stands,
428,THE CHURCH,The Lord's Supper,"Not Worthy, Lord!",
429,THE CHURCH,The Lord's Supper,Let Thy Blood in Mercy Poured,
430,THE CHURCH,The Lord's Supper,I Hunger and I Thirst,
431,THE CHURCH,The Lord's Supper,A Parting Hymn We Sing,
432,THE CHURCH,Stewardship,We Give Thee But Thine Own,
433,THE CHURCH,Stewardship,"O God of Mercy, God of Might",
434,THE CHURCH,Stewardship,"Lord, Thou Lov'st the Cheerful Giver",
435,THE CHURCH,Stewardship,"Lord of All Good, We Bring Our Gifts to You",
436,THE CHURCH,Missions,"Zion, Founded on the Mountains",
437,THE CHURCH,Missions,"O God, to Us Show Mercy",
438,THE CHURCH,Missions,"All Lands, to God in Joyful Sounds",
439,THE CHURCH,Missions,Christ Shall Have Dominion,
440,THE CHURCH,Missions,"Ye Christian Heralds, Go Proclaim",
441,THE CHURCH,Missions,Jesus Shall Reign,
442,THE CHURCH,Missions,"Arise, O God",
443,THE CHURCH,Missions,Hark! The Voice of Jesus Crying,
444,THE CHURCH,Missions,"O Zion, Haste, Your Mission High Fulfilling",
445,THE CHURCH,Missions,Bring Them In,
446,THE CHURCH,Missions,Fling Out the Banner! Let It Float,
447,THE CHURCH,Missions,Christ for the World We Sing,
448,THE CHURCH,Missions,We Have Heard the Joyful Sound,
449,THE CHURCH,Missions,We Rest on Thee,
450,THE CHURCH,Missions,So Send I You,
451,THE CHURCH,Missions,"The Sending, Lord, Springs",
452,THE CHURCH,Missions,Macedonia,
453,THE CHURCH,Missions,All Authority and Power,
454,THE CHURCH,Missions,"Our God Is Mighty, Worthy of All Praising",
455,THE WAY OF SALVATION,Salvation by Grace,And Can It Be That I Should Gain,
456,THE WAY OF SALVATION,Salvation by Grace,"By Grace I'm Saved, Grace Free and Boundless",
457,THE WAY OF SALVATION,Salvation by Grace,"Come, Thou Fount of Every Blessing",
458,THE WAY OF SALVATION,Salvation by Grace,What Tho' I Cannot Break My Chain,
459,THE WAY OF SALVATION,Salvation by Grace,I Am Not Skilled to Understand,
460,THE WAY OF SALVATION,Salvation by Grace,Amazing Grace!,
461,THE WAY OF SALVATION,Salvation by Grace,Not What My Hands Have Done,
462,THE WAY OF SALVATION,Salvation by Grace,Grace! 'Tis a Charming Sound,
463,THE WAY OF SALVATION,Salvation by Grace,A Debtor to Mercy Alone,
464,THE WAY OF SALVATION,Salvation by Grace,I Was a Wandering Sheep,
465,THE WAY OF SALVATION,Salvation by Grace,Marvelous Grace of Our Loving Lord,
466,THE WAY OF SALVATION,Salvation by Grace,"I Sought the Lord, and Afterward I Knew",
467,THE WAY OF SALVATION,Salvation by Grace,Wonderful Grace of Jesus,
468,THE WAY OF SALVATION,Salvation by Grace,My Faith Has Found a Resting Place,
469,THE WAY OF SALVATION,Election,How Sweet and Awesome Is the Place,
470,THE WAY OF SALVATION,Election,How Vast the Benefits Divine,
471,THE WAY OF SALVATION,Election,Tis Not That I Did Choose Thee,
472,THE WAY OF SALVATION,The Free Offer of the Gospel,"Come, Ye Sinners, Poor and Wretched",
473,THE WAY OF SALVATION,The Free Offer of the Gospel,Jesus Sinners Doth Receive,
474,THE WAY OF SALVATION,The Free Offer of the Gospel,"Blow Ye the Trumpet, Blow!",
475,THE WAY OF SALVATION,The Free Offer of the Gospel,Come to the Savior Now,
476,THE WAY OF SALVATION,The Free Offer of the Gospel,The Light of the World Is Jesus,
477,THE WAY OF SALVATION,The Free Offer of the Gospel,"Are You Weary, Are You Languid",
478,THE WAY OF SALVATION,The Free Offer of the Gospel,I Love to Tell the Story,
479,THE WAY OF SALVATION,The Free Offer of the Gospel,Softly and Tenderly Jesus Is Calling,
480,THE WAY OF SALVATION,The Free Offer of the Gospel,"Come, for the Feast Is Spread",
481,THE WAY OF SALVATION,The Free Offer of the Gospel,Turn Your Eyes upon Jesus,
482,THE WAY OF SALVATION,Calling,"Come unto Me, Ye Weary",
483,THE WAY OF SALVATION,Calling,We Sing the Glorious Conquest,
484,THE WAY OF SALVATION,Calling,I hear Thy Welcome Voice,
485,THE WAY OF SALVATION,Repentance,O Thou That Hear'st When Sinners Cry,
486,THE WAY OF SALVATION,Repentance,"God, Be Merciful to Me",
487,THE WAY OF SALVATION,Repentance,In Thy Wrath and Hot Displeasure,
488,THE WAY OF SALVATION,Repentance,"Remember Not, O God",
489,THE WAY OF SALVATION,Repentance,"Lord, like the Publican I Stand",
490,THE WAY OF SALVATION,Repentance,Out of the Deep I Call,
491,THE WAY OF SALVATION,Repentance,"Take Me, O My Father, Take Me",
492,THE WAY OF SALVATION,Repentance,"O Jesus, Thou Art Standing",
493,THE WAY OF SALVATION,Repentance,We Have Not Known Thee As We Ought,
494,THE WAY OF SALVATION,Repentance,Forgive Our Sins As We Forgive,
495,THE WAY OF SALVATION,Repentance,"No, Not Despairingly Come I to Thee",
496,THE WAY OF SALVATION,Repentance,"Kind and Merciful God, We Have Sinned",
497,THE WAY OF SALVATION,Faith in Christ,"I Need Thee, Precious Jesus",
498,THE WAY OF SALVATION,Faith in Christ,Jesus! What a Friend for Sinners!,
499,THE WAY OF SALVATION,Faith in Christ,"Rock of Ages, Cleft for Me",
500,THE WAY OF SALVATION,Faith in Christ,"Rock of Ages, Cleft for Me",
501,THE WAY OF SALVATION,Faith in Christ,"Just As I Am, without One Plea",
502,THE WAY OF SALVATION,Faith in Christ,"Just As I Am, without One Plea",
503,THE WAY OF SALVATION,Faith in Christ,"Out of My Bondage, Sorrow, and Night",
504,THE WAY OF SALVATION,Faith in Christ,"I Am Trusting Thee, Lord Jesus",
505,THE WAY OF SALVATION,Faith in Christ,I'm Not Ashamed to Own My Lord,
506,THE WAY OF SALVATION,Faith in Christ,As When the Hebrew Prophet Raised,
507,THE WAY OF SALVATION,Faith in Christ,"Approach, My Soul, the Mercy Seat",
508,THE WAY OF SALVATION,Faith in Christ,"Jesus, Lover of My Soul",
509,THE WAY OF SALVATION,Faith in Christ,"Jesus, Lover of My Soul",
510,THE WAY OF SALVATION,Faith in Christ,Thou Hidden Source of Calm Repose,
511,THE WAY OF SALVATION,Faith in Christ,"Jesus, and Shall It Ever Be",
512,THE WAY OF SALVATION,Faith in Christ,I Lay My Sins on Jesus,
513,THE WAY OF SALVATION,Faith in Christ,"Blessed Lord, in Thee Is Refuge",
514,THE WAY OF SALVATION,Faith in Christ,For God So Loved the World,
515,THE WAY OF SALVATION,Union with Christ,How Lovely Shines the Morning Star!,
516,THE WAY OF SALVATION,Union with Christ,"Jesus, I Live to Thee",
517,THE WAY OF SALVATION,Union with Christ,"I've Found a Friend, O Such a Friend!",
518,THE WAY OF SALVATION,Union with Christ,"Christ, of All My Hopes the Ground",
519,THE WAY OF SALVATION,Justification,Fountain of Never-Ceasing Grace,
520,THE WAY OF SALVATION,Justification,"Jesus, Thy Blood and Righteousness",
521,THE WAY OF SALVATION,Justification,My Hope Is Built on Nothing Less,
522,THE WAY OF SALVATION,Justification,My Hope Is Built on Nothing Less,
523,THE WAY OF SALVATION,Justification,My Hope Is in the Lord,
524,THE WAY OF SALVATION,Justification,"Thy Works, Not Mine, O Christ",
525,THE WAY OF SALVATION,Adoption,A Child of the King,
526,THE WAY OF SALVATION,Adoption,Blessed Are the Sons of God,
527,THE WAY OF SALVATION,Sanctification,The Beatitudes,
528,THE WAY OF SALVATION,Sanctification,My Faith Looks Up to Thee,
529,THE WAY OF SALVATION,Sanctification,"Love Divine, All Loves Excelling",
530,THE WAY OF SALVATION,Sanctification,"Lord, I Want to Be a Christian",
531,THE WAY OF SALVATION,Sanctification,"Savior, Blessed Savior",
532,THE WAY OF SALVATION,Sanctification,"Teach Me, O Lord, Thy Holy Way",
533,THE WAY OF SALVATION,Sanctification,"I Am Thine, O Lord, I Have Heard Thy Voice",
534,THE WAY OF SALVATION,Sanctification,O for a Closer Walk with God,
535,THE WAY OF SALVATION,Sanctification,"O the Deep, Deep Love of Jesus!",
536,THE WAY OF SALVATION,Sanctification,"Searcher of Hearts, from Mine Erase",
537,THE WAY OF SALVATION,Sanctification,Take Time to Be Holy,
538,THE WAY OF SALVATION,Sanctification,More about Jesus Would I Know,
539,THE WAY OF SALVATION,The Resurrection and Everlasting Life,Jerusalem the Golden,
540,THE WAY OF SALVATION,The Resurrection and Everlasting Life,A Few More Years Shall Roll,
541,THE WAY OF SALVATION,The Resurrection and Everlasting Life,When the Roll Is Called up Yonder,
542,THE WAY OF SALVATION,The Resurrection and Everlasting Life,Who Are These like Stars Appearing,
543,THE WAY OF SALVATION,The Resurrection and Everlasting Life,Around the Throne of God in Heaven,
544,THE WAY OF SALVATION,The Resurrection and Everlasting Life,How Bright These Glorious Spirits Shine!,
545,THE WAY OF SALVATION,The Resurrection and Everlasting Life,When This Passing World Is Done,
546,THE WAY OF SALVATION,The Resurrection and Everlasting Life,The Sands of Time Are Sinking,
547,THE WAY OF SALVATION,The Resurrection and Everlasting Life,With Harps and with Viols,
548,THE WAY OF SALVATION,The Resurrection and Everlasting Life,No Night There,
549,THE WAY OF SALVATION,The Resurrection and Everlasting Life,By the Sea of Crystal,
550,THE WAY OF SALVATION,The Resurrection and Everlasting Life,There Is a Land of Pure Delight,
551,THE CHRISTIAN LIFE,Forgiveness of Sins,How Blest Is He Whose Trespass,
552,THE CHRISTIAN LIFE,Forgiveness of Sins,"From out the Depths I Cry, O Lord, to Thee",
553,THE CHRISTIAN LIFE,Forgiveness of Sins,"My Sins, My Sins, My Savior!",
554,THE CHRISTIAN LIFE,Forgiveness of Sins,From Depths of Woe I Raise to The,
555,THE CHRISTIAN LIFE,Forgiveness of Sins,"Lord, I Was Blind: I Could Not See",
556,THE CHRISTIAN LIFE,Forgiveness of Sins,Though Your Sins Be as Scarlet,
557,THE CHRISTIAN LIFE,Obedience,Blest Are the Undefiled,
558,THE CHRISTIAN LIFE,Obedience,"That Man Is Blest Who, Fearing God",
559,THE CHRISTIAN LIFE,Obedience,"Father, I Know That All My Life",
560,THE CHRISTIAN LIFE,Obedience,"Lord, Speak to Me That I May Speak",
561,THE CHRISTIAN LIFE,Obedience,"Lord, Speak to Me That I May Speak",
562,THE CHRISTIAN LIFE,Obedience,All to Jesus I Surrender,
563,THE CHRISTIAN LIFE,Obedience,What Kind of Man Can Live in the World,
564,THE CHRISTIAN LIFE,Obedience,Blessed Is the Man,
565,THE CHRISTIAN LIFE,Obedience,All for Jesus!,
566,THE CHRISTIAN LIFE,Conflict with Sin,"Fear Not, O Little Flock",
567,THE CHRISTIAN LIFE,Conflict with Sin,"Rise, My Soul, to Watch and Pray",
568,THE CHRISTIAN LIFE,Conflict with Sin,In the Hour of Trial,
569,THE CHRISTIAN LIFE,Conflict with Sin,"Jesus, Lord of Life and Glory",
570,THE CHRISTIAN LIFE,Christian Warfare,Faith of Our Fathers!,
571,THE CHRISTIAN LIFE,Christian Warfare,"Stand Up, Stand Up for Jesus",
572,THE CHRISTIAN LIFE,Christian Warfare,"Onward, Christian Soldiers",
573,THE CHRISTIAN LIFE,Christian Warfare,Am I a Soldier of the Cross,
574,THE CHRISTIAN LIFE,Christian Warfare,"Christian, Dost Thou See Them",
575,THE CHRISTIAN LIFE,Christian Warfare,"Soldiers of Christ, Arise",
576,THE CHRISTIAN LIFE,Christian Warfare,"Awake, My Soul, Stretch Every Nerve",
577,THE CHRISTIAN LIFE,Christian Warfare,"Stand Up, My Soul; Shake Off Your Fears",
578,THE CHRISTIAN LIFE,Christian Warfare,The Son of God Goes Forth to War,
579,THE CHRISTIAN LIFE,Christian Warfare,Dare to Be a Daniel!,
580,THE CHRISTIAN LIFE,Christian Warfare,"Lead On, O King Eternal",
581,THE CHRISTIAN LIFE,Christian Warfare,Fight the Good Fight,
582,THE CHRISTIAN LIFE,Christian Warfare,Yield Not to Temptation,
583,THE CHRISTIAN LIFE,Christian Service,"Foundtain of Good, to Own Thy Love",
584,THE CHRISTIAN LIFE,Christian Service,"Go, Labor On",
585,THE CHRISTIAN LIFE,Christian Service,"Take My Life, and Let It Be",
586,THE CHRISTIAN LIFE,Christian Service,"Take My Life, and Let It Be",
587,THE CHRISTIAN LIFE,Christian Service,Who Is on the Lord's Side?,
588,THE CHRISTIAN LIFE,Christian Service,Who Is on the Lord's Side?,
589,THE CHRISTIAN LIFE,Christian Service,"Fill Thou My Life, O Lord My God",
590,THE CHRISTIAN LIFE,Christian Service,"Jesus, Master, Whose I Am",
591,THE CHRISTIAN LIFE,Christian Service,Jesus Calls Us,
592,THE CHRISTIAN LIFE,Christian Service,Jesus Bids Us Shine,
593,THE CHRISTIAN LIFE,Christian Service,"Take Thou Our Minds, Dear Lord",
594,THE CHRISTIAN LIFE,Christian Service,Hope of the World,
595,THE CHRISTIAN LIFE,Christian Service,Let Your Heart Be Broken,
596,THE CHRISTIAN LIFE,Christian Service,"You Came to Us, Dear Jesus",
597,THE CHRISTIAN LIFE,Christian Service,Though I May Speak with Bravest Fire,
598,THE CHRISTIAN LIFE,Pilgrimage and Guidance,"Guide Me, O Thou Great Jehovah",
599,THE CHRISTIAN LIFE,Pilgrimage and Guidance,"Savior, like a Shepherd Lead Us",
600,THE CHRISTIAN LIFE,Pilgrimage and Guidance,He Leadeth Me: O Blessed Thought!,
601,THE CHRISTIAN LIFE,Pilgrimage and Guidance,"Jesus, Savior, Pilot Me",
602,THE CHRISTIAN LIFE,Pilgrimage and Guidance,"O God, My Faithful God",
603,THE CHRISTIAN LIFE,Pilgrimage and Guidance,He Who Would Valiant Be,
604,THE CHRISTIAN LIFE,Pilgrimage and Guidance,"Rejoice, Ye Pure in Heart",
605,THE CHRISTIAN LIFE,Pilgrimage and Guidance,All the Way My Savior Leads Me,
606,THE CHRISTIAN LIFE,Pilgrimage and Guidance,"Teach Me Thy Way, O Lord",
607,THE CHRISTIAN LIFE,Tribulation and Suffering,"Thy Loving-kindness, Lord, Is Good and Free",
608,THE CHRISTIAN LIFE,Tribulation and Suffering,To God My Earnest Voice I Raise,
609,THE CHRISTIAN LIFE,Tribulation and Suffering,Why Should Cross and Trial Grieve Me?,
610,THE CHRISTIAN LIFE,Tribulation and Suffering,"""Take Up Your Cross,"" the Savior Said",
611,THE CHRISTIAN LIFE,Tribulation and Suffering,I Want Jesus to Walk with Me,
612,THE CHRISTIAN LIFE,Tribulation and Suffering,"O Lord, Be Gracious to Me",
613,THE CHRISTIAN LIFE,Deliverance,"Give Thanks unto the Lord, Jehovah",
614,THE CHRISTIAN LIFE,Deliverance,"Now Israel May Say, and That in Truth",
615,THE CHRISTIAN LIFE,Consolation,"Come, Ye Disconsolate, Where'er Ye Languish",
616,THE CHRISTIAN LIFE,Consolation,Leaning on the Everlasting Arms,
617,THE CHRISTIAN LIFE,Consolation,My Anchor Holds,
618,THE CHRISTIAN LIFE,Consolation,His Eye Is on the Sparrow,
619,THE CHRISTIAN LIFE,Consolation,A Shelter in the Time of Storm,
620,THE CHRISTIAN LIFE,God's Refreshing Grace,"O Lord, I Love You, My Shield, My Tower",
621,THE CHRISTIAN LIFE,God's Refreshing Grace,Sometimes a Light Surprises,
622,THE CHRISTIAN LIFE,God's Refreshing Grace,I Waited for the Lord Most High,
623,THE CHRISTIAN LIFE,God's Refreshing Grace,Moment by Moment,
624,THE CHRISTIAN LIFE,God's Refreshing Grace,Through All the Changing Scenes of Life,
625,THE CHRISTIAN LIFE,God's Refreshing Grace,"Tell Me the Old, Old Story",
626,THE CHRISTIAN LIFE,God's Refreshing Grace,"O Lord, by Grace Delivered",
627,THE CHRISTIAN LIFE,Prayer,Behold the Throne of Grace!,
628,THE CHRISTIAN LIFE,Prayer,"Come, My Soul, Thy Suit Prepare",
629,THE CHRISTIAN LIFE,Prayer,What a Friend We Have in Jesus,
630,THE CHRISTIAN LIFE,Prayer,"Eternal Father, Strong to Save",
631,THE CHRISTIAN LIFE,Prayer,From Every Stormy Wind That Blows,
632,THE CHRISTIAN LIFE,Prayer,"When the Weary, Seeking Rest",
633,THE CHRISTIAN LIFE,Prayer,"Father, We Thank You for the Night",
634,THE CHRISTIAN LIFE,Prayer,Sweet Hour of Prayer,
635,THE CHRISTIAN LIFE,Thankfulness,How Good It Is to Thank the Lord,
636,THE CHRISTIAN LIFE,Thankfulness,Can a Little Child like Me,
637,THE CHRISTIAN LIFE,Thankfulness,What Shall I Render to My God,
638,THE CHRISTIAN LIFE,Thankfulness,"Savior, Thy Dying Love Thou Gavest Me",
639,THE CHRISTIAN LIFE,Thankfulness,Thy Life Was Given for Me,
640,THE CHRISTIAN LIFE,Thankfulness,My Tribute,
641,THE CHRISTIAN LIFE,Hope,How Long Wilt Thou Forget Me,
642,THE CHRISTIAN LIFE,Hope,Be Thou My Vision,
643,THE CHRISTIAN LIFE,Hope,"Judge Me, God of My Salvation",
644,THE CHRISTIAN LIFE,Hope,May the Mind of Christ My Savior,
645,THE CHRISTIAN LIFE,Love for Christ,"Jesus, the Very Thought of Thee",
646,THE CHRISTIAN LIFE,Love for Christ,"Jesus, Thou Joy of Loving Hearts",
647,THE CHRISTIAN LIFE,Love for Christ,How Sweet the Name of Jesus Sounds,
648,THE CHRISTIAN LIFE,Love for Christ,"My Jesus, I Love Thee",
649,THE CHRISTIAN LIFE,Love for Christ,"More Love to Thee, O Christ",
650,THE CHRISTIAN LIFE,Love for Christ,I Will Sing of My Redeemer,
651,THE CHRISTIAN LIFE,Love for Christ,He Lifted Me,
652,THE CHRISTIAN LIFE,Love for Christ,"Savior, Teach Me, Day by Day",
653,THE CHRISTIAN LIFE,Love for Christ,Jesus Is All the World to Me,
654,THE CHRISTIAN LIFE,Communion with Christ,"O Jesus, I Have Promised",
655,THE CHRISTIAN LIFE,Communion with Christ,O Safe to the Rock That Is Higher Than I,
656,THE CHRISTIAN LIFE,Communion with Christ,"Jesus, Priceless Treasure",
657,THE CHRISTIAN LIFE,Love for God,"In Sweet Communion, Lord, with Thee",
658,THE CHRISTIAN LIFE,Love for God,"Jesus, My Lord, My God, My All",
659,THE CHRISTIAN LIFE,Love for God,Let Us Praise God Together,
660,THE CHRISTIAN LIFE,Love for God,O God beyond All Praising,
661,THE CHRISTIAN LIFE,Love for God,As Pants the Hart for Cooling Streams,
662,THE CHRISTIAN LIFE,Love for God,As the Hart Longs for Flowing Streams,
663,THE CHRISTIAN LIFE,Love for God,"O God Eternal, You Are My God!",
664,THE CHRISTIAN LIFE,Trust in God,Call Jehovah Your Salvation,
665,THE CHRISTIAN LIFE,Trust in God,What Time I Am Afraid,
666,THE CHRISTIAN LIFE,Trust in God,In Silence My Soul Is Waiting,
667,THE CHRISTIAN LIFE,Trust in God,God Is My Strong Salvation,
668,THE CHRISTIAN LIFE,Trust in God,"Who Trusts in God, a Strong Abode",
669,THE CHRISTIAN LIFE,Trust in God,Commit Now All Your Griefs,
670,THE CHRISTIAN LIFE,Trust in God,If Thou But Suffer God to Guide Thee,
671,THE CHRISTIAN LIFE,Trust in God,Forever Trusting in the Lord,
672,THE CHRISTIAN LIFE,Trust in God,Trust and Obey,
673,THE CHRISTIAN LIFE,Trust in God,Cast Your Burden on the Lord,
674,THE CHRISTIAN LIFE,Trust in God,I Need Thee Every Hour,
675,THE CHRISTIAN LIFE,Trust in God,Only Trust Him,
676,THE CHRISTIAN LIFE,Trust in God,Day by Day and with Each Passing Moment,
677,THE CHRISTIAN LIFE,Trust in God,"Praise the Savior, Ye Who Know Him!",
678,THE CHRISTIAN LIFE,Trust in God,Trusting Jesus,
679,THE CHRISTIAN LIFE,Trust in God,Tis So Sweet to Trust in Jesus,
680,THE CHRISTIAN LIFE,Trust in God,Consider the Lilies,
681,THE CHRISTIAN LIFE,Trust in God,How Gentle God's Commands,
682,THE CHRISTIAN LIFE,Trust in God,"In Thee, O Lord, I Put My Trust",
683,THE CHRISTIAN LIFE,Submission,Not Haughty Is My Heart,
684,THE CHRISTIAN LIFE,Submission,My Times Are in Thy Hand,
685,THE CHRISTIAN LIFE,Submission,"My Jesus, As Thou Wilt!",
686,THE CHRISTIAN LIFE,Submission,"Thy Way, Not Mine, O Lord",
687,THE CHRISTIAN LIFE,Submission,"Make Me a Captive, Lord",
688,THE CHRISTIAN LIFE,Submission,"Have Thine Own Way, Lord!",
689,THE CHRISTIAN LIFE,Submission,"Be Still, My Soul",
690,THE CHRISTIAN LIFE,Assurance,I Know That My Redeemer Lives,
691,THE CHRISTIAN LIFE,Assurance,It Is Well with My Soul,
692,THE CHRISTIAN LIFE,Assurance,"To You, O Lord, I Fly",
693,THE CHRISTIAN LIFE,Assurance,Blessed Assurance,
694,THE CHRISTIAN LIFE,Assurance,"Lord, I Lift My Soul to Thee",
695,THE CHRISTIAN LIFE,Assurance,By Grace I Am an Heir of Heaven,
696,THE CHRISTIAN LIFE,Peace and Joy,I've Found the Pearl of Greatest Price!,
697,THE CHRISTIAN LIFE,Peace and Joy,Wonderful Words of Life,
698,THE CHRISTIAN LIFE,Peace and Joy,"O Happy, That Fixed My Choice",
699,THE CHRISTIAN LIFE,Peace and Joy,Like a River Glorious,
700,THE CHRISTIAN LIFE,Peace and Joy,"Come, We That Love the Lord",
701,THE CHRISTIAN LIFE,Peace and Joy,"Redeemed, How I Love to Proclaim It!",
702,THE CHRISTIAN LIFE,Peace and Joy,"Peace, Perfect Peace",
703,THE CHRISTIAN LIFE,Peace and Joy,Loved with Everlasting Love,
704,THE CHRISTIAN LIFE,Peace and Joy,Thou Wilt Keep Him in Perfect Peace,
705,THE CHRISTIAN LIFE,Perseverance,I Know Whom I Have Believed,
706,THE CHRISTIAN LIFE,Perseverance,"Jesus Lives, and So Shall I",
707,THE CHRISTIAN LIFE,Perseverance,"Jesus, I My Cross Have Taken",
708,THE CHRISTIAN LIFE,Perseverance,O Love That Wilt Not Let Me Go,
709,THE CHRISTIAN LIFE,Perseverance,Now I Belong to Jesus,
710,SPECIAL TOPICS,The Nation,God of Our Fathers,
711,SPECIAL TOPICS,The Nation,God the All-Terrible!,
712,SPECIAL TOPICS,The Nation,"O God of Love, O King of Peace",
713,SPECIAL TOPICS,The Nation,"Great King of Nations, Hear Our Prayer",
714,SPECIAL TOPICS,Harvest and Thanksgiving,We Plow the Fields,
715,SPECIAL TOPICS,Harvest and Thanksgiving,"Come, Ye Thankful People, Come",
716,SPECIAL TOPICS,Harvest and Thanksgiving,Sing to the Lord of Harvest,
717,SPECIAL TOPICS,Marriage and the Home,Blest the Man That Fears Jehovah,
718,SPECIAL TOPICS,Marriage and the Home,"O Happy Home, Where Thou Art Loved",
719,SPECIAL TOPICS,Marriage and the Home,A Christian Home,
720,SPECIAL TOPICS,Marriage and the Home,Happy the Home When God Is There,
721,SPECIAL TOPICS,Marriage and the Home,"O Father, All-Creating",
722,SPECIAL TOPICS,Marriage and the Home,O Perfect Love,
723,SPECIAL TOPICS,Marriage and the Home,Come Away to the Skies,
724,SERVICE MUSIC,The Ten Commandments,The Ten Commandments,
725,SERVICE MUSIC,Prayers,The Lord's Prayer,
726,SERVICE MUSIC,Prayers,Spirit of the Living God,
727,SERVICE MUSIC,Prayers,"Lead Me, Lord, Lead Me in Thy Righteousness",
728,SERVICE MUSIC,Prayers,"Hear Our Prayer, O Lord",
729,SERVICE MUSIC,Prayers,All Things Are Thine,
730,SERVICE MUSIC,Prayers,Benediction,
731,SERVICE MUSIC,Praises,Doxology,
732,SERVICE MUSIC,Praises,Doxology,
733,SERVICE MUSIC,Praises,Doxology,
734,SERVICE MUSIC,Praises,Gloria Patri,
735,SERVICE MUSIC,Praises,Gloria Patri,
736,SERVICE MUSIC,Praises,Gloria Patri,
737,SERVICE MUSIC,Praises,"Christ, We Do All Adore Thee",
738,SERVICE MUSIC,Amens,Twofold Amen,
739,SERVICE MUSIC,Amens,Twofold Amen,
740,SERVICE MUSIC,Amens,Threefold Amen,
741,SERVICE MUSIC,The Apostles' Creed,The Apostles' Creed,
742,SERVICE MUSIC,The Apostles' Creed,The Apostles' Creed,
